shapeid,partid,x,y
"0","0",-104.658279,39.8320419
"0","0",-104.6601825,39.8320481
"0","0",-104.660199,39.829392
"0","0",-104.660206,39.828225
"0","0",-104.660225290894,39.8132934480607
"0","0",-104.661332136088,39.8132934480607
"0","0",-104.6609185,39.8282142
"0","0",-104.6612941,39.8282018
"0","0",-104.6617393,39.828173
"0","0",-104.662037,39.8281524
"0","0",-104.6621953,39.828138
"0","0",-104.6622704,39.828105
"0","0",-104.6623187,39.8280515
"0","0",-104.6623455,39.8279938
"0","0",-104.6623482,39.8278413
"0","0",-104.6623562,39.82745
"0","0",-104.6623535,39.8273037
"0","0",-104.6623669,39.8272275
"0","0",-104.6624045,39.8271142
"0","0",-104.6624608,39.8270174
"0","0",-104.6625171,39.8269432
"0","0",-104.6626325,39.8268382
"0","0",-104.662772,39.8267537
"0","0",-104.6629087,39.8266878
"0","0",-104.6630455,39.8266549
"0","0",-104.6633299,39.8266322
"0","0",-104.6633272,39.8265848
"0","0",-104.6640697,39.8265965
"0","0",-104.6642445,39.8265992
"0","0",-104.664848,39.8266013
"0","0",-104.6650036,39.8266075
"0","0",-104.6651806,39.8266507
"0","0",-104.6653522,39.826729
"0","0",-104.6654864,39.8268155
"0","0",-104.6656124,39.8269268
"0","0",-104.6656982,39.827073
"0","0",-104.6657304,39.8271884
"0","0",-104.6657358,39.8272728
"0","0",-104.6657358,39.8276148
"0","0",-104.6656822,39.8276292
"0","0",-104.6656741,39.8280226
"0","0",-104.6657063,39.8280885
"0","0",-104.665768,39.82814
"0","0",-104.6658484,39.828173
"0","0",-104.6660147,39.8281833
"0","0",-104.6665217,39.8282348
"0","0",-104.6668033,39.8282574
"0","0",-104.6689142,39.8282739
"0","0",-104.6710037,39.8282863
"0","0",-104.6723914,39.8282967
"0","0",-104.6729161,39.8283007
"0","0",-104.6756466,39.8283172
"0","0",-104.6777145,39.8283295
"0","0",-104.6777199,39.8287456
"0","0",-104.6777414,39.8289578
"0","0",-104.6777709,39.828966
"0","0",-104.6802761,39.8289784
"0","0",-104.6804249,39.8289789
"0","0",-104.6823172,39.8289846
"0","0",-104.6824969,39.8289907
"0","0",-104.6824902,39.8290371
"0","0",-104.6824902,39.8290814
"0","0",-104.6824916,39.8291298
"0","0",-104.6824902,39.8292348
"0","0",-104.68248,39.83058
"0","0",-104.6824787,39.830659
"0","0",-104.682469,39.831244
"0","0",-104.682469,39.831278
"0","0",-104.682469,39.8313
"0","0",-104.6824714,39.831446
"0","0",-104.6818988,39.8314398
"0","0",-104.6819001,39.8315717
"0","0",-104.681821,39.8315686
"0","0",-104.681817,39.8315387
"0","0",-104.6806127,39.8315366
"0","0",-104.6804168,39.8315391
"0","0",-104.6798214,39.8315469
"0","0",-104.6797973,39.8314275
"0","0",-104.6795264,39.8314275
"0","0",-104.6795237,39.8313842
"0","0",-104.6768764,39.8314007
"0","0",-104.675259,39.8313822
"0","0",-104.6725312,39.8313683
"0","0",-104.6725305,39.831346
"0","0",-104.6725339,39.8312771
"0","0",-104.6725392,39.8311473
"0","0",-104.6725419,39.8309434
"0","0",-104.67254,39.830808
"0","0",-104.6725392,39.8306334
"0","0",-104.6723179,39.8306334
"0","0",-104.6723837,39.8305127
"0","0",-104.672381,39.8304159
"0","0",-104.672381,39.8302985
"0","0",-104.6722786,39.830294
"0","0",-104.6722001,39.8302776
"0","0",-104.6721986,39.8301391
"0","0",-104.6721771,39.8300835
"0","0",-104.6721288,39.8300402
"0","0",-104.671984,39.8299743
"0","0",-104.671461,39.8297395
"0","0",-104.6713295,39.8297045
"0","0",-104.6711954,39.8296777
"0","0",-104.6709674,39.8296509
"0","0",-104.6699992,39.8295726
"0","0",-104.6695861,39.8295685
"0","0",-104.6678427,39.8295541
"0","0",-104.6662092,39.8295459
"0","0",-104.665308,39.8295356
"0","0",-104.6650478,39.8295603
"0","0",-104.6644363,39.8295994
"0","0",-104.6642861,39.8296303
"0","0",-104.6642244,39.8296859
"0","0",-104.6642002,39.8297436
"0","0",-104.6641064,39.8303409
"0","0",-104.6640849,39.830479
"0","0",-104.6640795,39.8306602
"0","0",-104.6640715,39.8316221
"0","0",-104.6640581,39.8327282
"0","0",-104.6634519,39.8327241
"0","0",-104.663417,39.8326438
"0","0",-104.6633446,39.832584
"0","0",-104.6632534,39.8325531
"0","0",-104.6631408,39.8325614
"0","0",-104.6630442,39.8326149
"0","0",-104.6629986,39.8326788
"0","0",-104.662894,39.8334017
"0","0",-104.6628886,39.8338343
"0","0",-104.6628591,39.8355561
"0","0",-104.6628538,39.8367466
"0","0",-104.6628323,39.8385261
"0","0",-104.6628323,39.8390389
"0","0",-104.6628538,39.8392963
"0","0",-104.6629181,39.8397679
"0","0",-104.6629423,39.8398318
"0","0",-104.6630093,39.8398874
"0","0",-104.6630898,39.8399183
"0","0",-104.6631837,39.8399183
"0","0",-104.6632776,39.8398853
"0","0",-104.6633366,39.8398256
"0","0",-104.6633607,39.8397371
"0","0",-104.6634278,39.8392984
"0","0",-104.6634653,39.8390677
"0","0",-104.6634707,39.8388782
"0","0",-104.6634814,39.8379947
"0","0",-104.6644282,39.838005
"0","0",-104.6644255,39.8376446
"0","0",-104.6645148,39.8376447
"0","0",-104.6656915,39.8376466
"0","0",-104.6656862,39.8384766
"0","0",-104.6656915,39.838732
"0","0",-104.6656352,39.838732
"0","0",-104.6656298,39.8389009
"0","0",-104.665536,39.8389009
"0","0",-104.6655494,39.8391913
"0","0",-104.665654,39.8392592
"0","0",-104.6656728,39.8400892
"0","0",-104.6645784,39.8401036
"0","0",-104.6644875,39.8401067
"0","0",-104.664396,39.8401098
"0","0",-104.6643987,39.8400357
"0","0",-104.6641359,39.8400357
"0","0",-104.6640769,39.840048
"0","0",-104.6640152,39.8400872
"0","0",-104.6639857,39.8401325
"0","0",-104.6639696,39.8404682
"0","0",-104.6631113,39.8404682
"0","0",-104.663004,39.8405032
"0","0",-104.6629396,39.8405526
"0","0",-104.6629074,39.840635
"0","0",-104.6628645,39.8409295
"0","0",-104.6628162,39.8412673
"0","0",-104.6628001,39.8413764
"0","0",-104.6627733,39.8429477
"0","0",-104.6628135,39.8429807
"0","0",-104.6629369,39.8430281
"0","0",-104.6630603,39.8430342
"0","0",-104.6643665,39.8430404
"0","0",-104.6643665,39.8431887
"0","0",-104.6629423,39.8431743
"0","0",-104.6627706,39.843234
"0","0",-104.6627653,39.8442369
"0","0",-104.6627492,39.8448135
"0","0",-104.6642619,39.8446282
"0","0",-104.6643075,39.8446138
"0","0",-104.6643424,39.844587
"0","0",-104.664337,39.8447868
"0","0",-104.6642861,39.8447682
"0","0",-104.6639749,39.8448094
"0","0",-104.6627545,39.8449618
"0","0",-104.6627384,39.8462963
"0","0",-104.6627277,39.8476101
"0","0",-104.662725,39.8480343
"0","0",-104.6628001,39.8485491
"0","0",-104.6628216,39.8487097
"0","0",-104.6628269,39.8488683
"0","0",-104.6630496,39.8488704
"0","0",-104.6630522,39.8489383
"0","0",-104.6628216,39.8489383
"0","0",-104.6628269,39.849344
"0","0",-104.6628216,39.8494675
"0","0",-104.6627331,39.8499659
"0","0",-104.6626982,39.8502953
"0","0",-104.6626821,39.8505054
"0","0",-104.6627009,39.8510387
"0","0",-104.6627653,39.8515638
"0","0",-104.6627948,39.8516482
"0","0",-104.6628377,39.8517059
"0","0",-104.6628967,39.8517512
"0","0",-104.6630174,39.8517594
"0","0",-104.6642512,39.8517697
"0","0",-104.6644436,39.8517742
"0","0",-104.6651336,39.8517903
"0","0",-104.665418,39.8518253
"0","0",-104.6661743,39.8519427
"0","0",-104.6667966,39.8520456
"0","0",-104.6686098,39.8520559
"0","0",-104.6702674,39.8520765
"0","0",-104.6713671,39.8520786
"0","0",-104.6714127,39.8520662
"0","0",-104.6714932,39.8520703
"0","0",-104.6730625,39.8520783
"0","0",-104.6735551,39.8520855
"0","0",-104.6735524,39.8520559
"0","0",-104.6735515,39.8520462
"0","0",-104.6736729,39.8520426
"0","0",-104.6736769,39.8520517
"0","0",-104.6736871,39.8520748
"0","0",-104.6736877,39.8522123
"0","0",-104.6736913,39.8530545
"0","0",-104.6736191,39.8530572
"0","0",-104.6736119,39.8530929
"0","0",-104.673669,39.8531001
"0","0",-104.6736358,39.853128
"0","0",-104.6731301,39.8535534
"0","0",-104.6731265,39.8536497
"0","0",-104.6717345,39.8536319
"0","0",-104.6717345,39.8535962
"0","0",-104.6712206,39.8536033
"0","0",-104.6712242,39.853639
"0","0",-104.6705032,39.8536319
"0","0",-104.6705032,39.8537183
"0","0",-104.6704215,39.8537183
"0","0",-104.6704181,39.8537594
"0","0",-104.670016,39.8537594
"0","0",-104.670016,39.8537487
"0","0",-104.670016,39.8537356
"0","0",-104.6698708,39.8537285
"0","0",-104.6698708,39.8537444
"0","0",-104.6698708,39.8537594
"0","0",-104.6693807,39.8537523
"0","0",-104.6693783,39.8537285
"0","0",-104.669286,39.8537226
"0","0",-104.6692861,39.853641
"0","0",-104.6688974,39.8536143
"0","0",-104.6688982,39.8536391
"0","0",-104.6688625,39.8536343
"0","0",-104.6688625,39.8536581
"0","0",-104.6688435,39.8536581
"0","0",-104.6688458,39.8537271
"0","0",-104.6687982,39.8537271
"0","0",-104.6687959,39.8537605
"0","0",-104.6687507,39.8537486
"0","0",-104.6687483,39.8538057
"0","0",-104.6687887,39.853808
"0","0",-104.6687867,39.8538402
"0","0",-104.6688693,39.8538398
"0","0",-104.6693688,39.853838
"0","0",-104.6693688,39.8538189
"0","0",-104.6698684,39.8538165
"0","0",-104.6698684,39.8538313
"0","0",-104.6698691,39.8538427
"0","0",-104.6700059,39.8538432
"0","0",-104.6700119,39.8538135
"0","0",-104.6704104,39.8538194
"0","0",-104.6704104,39.853867
"0","0",-104.6705032,39.853867
"0","0",-104.6705032,39.8539567
"0","0",-104.6712134,39.8539567
"0","0",-104.671217,39.8539924
"0","0",-104.6717292,39.8539959
"0","0",-104.671731,39.8539638
"0","0",-104.6717697,39.8539643
"0","0",-104.6717687,39.8540305
"0","0",-104.6717671,39.8541379
"0","0",-104.671822,39.8541402
"0","0",-104.6718172,39.854164
"0","0",-104.6718253,39.8541645
"0","0",-104.671893,39.8541645
"0","0",-104.671891,39.8541402
"0","0",-104.6719095,39.8541408
"0","0",-104.67196,39.8541425
"0","0",-104.6719629,39.854026
"0","0",-104.6719643,39.8539668
"0","0",-104.6725718,39.8539746
"0","0",-104.6725699,39.8540174
"0","0",-104.6725644,39.8541425
"0","0",-104.6725929,39.8541438
"0","0",-104.6726167,39.8541449
"0","0",-104.6726167,39.8541575
"0","0",-104.6726167,39.8541687
"0","0",-104.6726952,39.8541687
"0","0",-104.6726952,39.8541539
"0","0",-104.6726952,39.8541449
"0","0",-104.6727247,39.8541461
"0","0",-104.6727547,39.8541473
"0","0",-104.6727581,39.8540174
"0","0",-104.6727592,39.853977
"0","0",-104.673123,39.8539817
"0","0",-104.6731247,39.8540366
"0","0",-104.6731259,39.8540735
"0","0",-104.6732167,39.8540694
"0","0",-104.6733579,39.8540629
"0","0",-104.6736764,39.8543229
"0","0",-104.6737589,39.8543254
"0","0",-104.6738469,39.8543281
"0","0",-104.6741937,39.8540673
"0","0",-104.6744114,39.8540709
"0","0",-104.6744221,39.8539924
"0","0",-104.674458,39.8539925
"0","0",-104.674458,39.8541487
"0","0",-104.6745089,39.8541512
"0","0",-104.6745089,39.8541792
"0","0",-104.6745756,39.8541864
"0","0",-104.6745795,39.8541546
"0","0",-104.6746394,39.8541576
"0","0",-104.67464,39.8541011
"0","0",-104.674641,39.8539929
"0","0",-104.6750057,39.8539939
"0","0",-104.6752418,39.853995
"0","0",-104.6752532,39.853995
"0","0",-104.6752555,39.854164
"0","0",-104.6752818,39.8541666
"0","0",-104.6752936,39.8541678
"0","0",-104.6753031,39.8541687
"0","0",-104.6753008,39.8541877
"0","0",-104.6753328,39.8541877
"0","0",-104.675384,39.8541877
"0","0",-104.675385,39.8541776
"0","0",-104.6753864,39.8541616
"0","0",-104.6754411,39.8541608
"0","0",-104.675439,39.8539974
"0","0",-104.6758076,39.8539974
"0","0",-104.6758089,39.8540147
"0","0",-104.67581,39.8540283
"0","0",-104.6763215,39.8540331
"0","0",-104.6763242,39.8539907
"0","0",-104.677025,39.8539993
"0","0",-104.6770547,39.8539995
"0","0",-104.6770534,39.8540265
"0","0",-104.6773591,39.8540254
"0","0",-104.6773605,39.8537866
"0","0",-104.6770577,39.8538023
"0","0",-104.6770562,39.8536676
"0","0",-104.6770226,39.8536676
"0","0",-104.6769167,39.8536676
"0","0",-104.6768493,39.8536676
"0","0",-104.6768205,39.8536676
"0","0",-104.6764429,39.8536676
"0","0",-104.6764115,39.8536676
"0","0",-104.6763245,39.8536676
"0","0",-104.6763245,39.8536212
"0","0",-104.6758137,39.8536282
"0","0",-104.6758123,39.8536643
"0","0",-104.6757498,39.8536637
"0","0",-104.6757194,39.8536635
"0","0",-104.6754625,39.8536613
"0","0",-104.6754153,39.8536609
"0","0",-104.6752492,39.8536594
"0","0",-104.6744251,39.8536524
"0","0",-104.6744251,39.8535571
"0","0",-104.6743329,39.8535534
"0","0",-104.6743258,39.8534998
"0","0",-104.6740617,39.8533035
"0","0",-104.6740976,39.8532667
"0","0",-104.6739296,39.8531465
"0","0",-104.6738665,39.8531314
"0","0",-104.6738475,39.8530929
"0","0",-104.6739082,39.8530858
"0","0",-104.6739046,39.8530465
"0","0",-104.6738629,39.8530481
"0","0",-104.673853,39.8522137
"0","0",-104.6738513,39.8520748
"0","0",-104.6745081,39.8520926
"0","0",-104.6747413,39.8520827
"0","0",-104.6776971,39.8520992
"0","0",-104.6787209,39.8521271
"0","0",-104.6788906,39.8521086
"0","0",-104.6795899,39.8521058
"0","0",-104.6804227,39.8521097
"0","0",-104.6805403,39.852104
"0","0",-104.6806503,39.8520945
"0","0",-104.6806996,39.8520869
"0","0",-104.6807869,39.852068
"0","0",-104.6809709,39.8520186
"0","0",-104.6810714,39.8519959
"0","0",-104.6811321,39.8519845
"0","0",-104.6812213,39.8519731
"0","0",-104.6814421,39.851962
"0","0",-104.6815952,39.851947
"0","0",-104.681585,39.8521457
"0","0",-104.6818264,39.8521107
"0","0",-104.6826579,39.8519275
"0","0",-104.6835135,39.8517339
"0","0",-104.6836047,39.8516927
"0","0",-104.6836449,39.8516536
"0","0",-104.6836664,39.8515712
"0","0",-104.6835698,39.8515074
"0","0",-104.6835081,39.8514971
"0","0",-104.6830965,39.8515655
"0","0",-104.6830119,39.8515795
"0","0",-104.6829019,39.8516165
"0","0",-104.6828402,39.8516557
"0","0",-104.682741,39.8516969
"0","0",-104.6826337,39.8517133
"0","0",-104.6826203,39.8512129
"0","0",-104.6828912,39.8512171
"0","0",-104.6830468,39.85125
"0","0",-104.6832085,39.851281
"0","0",-104.6834652,39.8513303
"0","0",-104.6835215,39.8513365
"0","0",-104.6835779,39.8513262
"0","0",-104.6837146,39.8512459
"0","0",-104.6837468,39.8512459
"0","0",-104.6837978,39.8509144
"0","0",-104.6837978,39.8508176
"0","0",-104.6838032,39.8507558
"0","0",-104.6838139,39.8498848
"0","0",-104.6838285,39.8486076
"0","0",-104.68383,39.8484722
"0","0",-104.683838,39.8474693
"0","0",-104.6838585,39.8462451
"0","0",-104.6838648,39.8458651
"0","0",-104.6838756,39.8447119
"0","0",-104.6838904,39.843328
"0","0",-104.6838917,39.8432106
"0","0",-104.6838932,39.8428284
"0","0",-104.683897,39.8418287
"0","0",-104.6839024,39.8415898
"0","0",-104.6838756,39.8413633
"0","0",-104.6838219,39.8409637
"0","0",-104.664406706071,39.8412105435076
"0","0",-104.66452968887,39.840226681113
"0","0",-104.6830468,39.8403562
"0","0",-104.6858886,39.8403644
"0","0",-104.6886244,39.8403727
"0","0",-104.6905663,39.8404015
"0","0",-104.6925565,39.8404139
"0","0",-104.6949437,39.8404221
"0","0",-104.6981248,39.840455
"0","0",-104.7029045,39.8404839
"0","0",-104.7063592,39.8405086
"0","0",-104.7110262,39.8405457
"0","0",-104.7142234,39.8405621
"0","0",-104.7173133,39.8405869
"0","0",-104.7212186,39.8406074
"0","0",-104.7251776,39.840628
"0","0",-104.7265963,39.8406364
"0","0",-104.745944302024,39.840595629511
"0","0",-104.745944302024,39.8417024747049
"0","0",-104.7268055,39.8412584
"0","0",-104.726781,39.8426703
"0","0",-104.7267787,39.8428029
"0","0",-104.7210334,39.8427659
"0","0",-104.716082,39.8427288
"0","0",-104.7149072,39.8427206
"0","0",-104.7097842,39.8426835
"0","0",-104.7068928,39.8426588
"0","0",-104.7028802,39.8426464
"0","0",-104.698814,39.8426135
"0","0",-104.6969418,39.8426011
"0","0",-104.6960996,39.8426011
"0","0",-104.6955631,39.8426506
"0","0",-104.6953271,39.8426753
"0","0",-104.6952627,39.8426959
"0","0",-104.6950911,39.8428071
"0","0",-104.6948507,39.8429755
"0","0",-104.6946619,39.8431077
"0","0",-104.6943883,39.8433178
"0","0",-104.6940289,39.8436514
"0","0",-104.6934603,39.844121
"0","0",-104.6918724,39.8455213
"0","0",-104.6900271,39.8471152
"0","0",-104.689855,39.8472662
"0","0",-104.6886001,39.8483673
"0","0",-104.6880315,39.8488779
"0","0",-104.6879242,39.849018
"0","0",-104.6876882,39.8493598
"0","0",-104.6878853,39.849524
"0","0",-104.6880047,39.8496234
"0","0",-104.6880543,39.8496283
"0","0",-104.6881281,39.8496357
"0","0",-104.6884309,39.8496414
"0","0",-104.6887825,39.8496481
"0","0",-104.6890487,39.8496409
"0","0",-104.6891949,39.8496491
"0","0",-104.689321,39.8496677
"0","0",-104.6894564,39.8496955
"0","0",-104.6895959,39.8497439
"0","0",-104.6897461,39.8498221
"0","0",-104.6898319,39.8498715
"0","0",-104.6899727,39.8499868
"0","0",-104.69008,39.8500939
"0","0",-104.6901417,39.8501989
"0","0",-104.6901954,39.8503369
"0","0",-104.6902249,39.8506499
"0","0",-104.6902356,39.8514303
"0","0",-104.6902383,39.8515147
"0","0",-104.6902651,39.8515518
"0","0",-104.6903295,39.8515745
"0","0",-104.6908405,39.851622
"0","0",-104.6910049,39.8516373
"0","0",-104.6912817,39.851663
"0","0",-104.6912817,39.8516898
"0","0",-104.6921346,39.8517021
"0","0",-104.6950287,39.8517495
"0","0",-104.6960989,39.8517557
"0","0",-104.696107,39.8507631
"0","0",-104.6971208,39.8507734
"0","0",-104.6971101,39.851766
"0","0",-104.6971906,39.8517742
"0","0",-104.6971852,39.8519801
"0","0",-104.6971906,39.8520522
"0","0",-104.6971074,39.8520542
"0","0",-104.6970967,39.8533432
"0","0",-104.697086,39.8543975
"0","0",-104.6970645,39.8558532
"0","0",-104.6970613,39.8561669
"0","0",-104.6970484,39.8574304
"0","0",-104.697035,39.8589335
"0","0",-104.697029,39.8596064
"0","0",-104.6970243,39.8601276
"0","0",-104.6970511,39.86014
"0","0",-104.6971611,39.8601462
"0","0",-104.6974502,39.8601512
"0","0",-104.6974373,39.8605085
"0","0",-104.697495,39.860522
"0","0",-104.697496,39.8606444
"0","0",-104.6970189,39.8606506
"0","0",-104.6970028,39.8619703
"0","0",-104.6969867,39.8633683
"0","0",-104.6969849,39.8635209
"0","0",-104.6969706,39.8647065
"0","0",-104.6969545,39.8661805
"0","0",-104.6969223,39.8677637
"0","0",-104.6969036,39.8692232
"0","0",-104.6968875,39.8708495
"0","0",-104.696866,39.8722802
"0","0",-104.6968553,39.8737541
"0","0",-104.6968419,39.8747422
"0","0",-104.6968419,39.8747772
"0","0",-104.6968607,39.8747978
"0","0",-104.6969223,39.8747998
"0","0",-104.6974239,39.8748039
"0","0",-104.6973917,39.8750448
"0","0",-104.6974132,39.8753041
"0","0",-104.6968526,39.8753021
"0","0",-104.6968419,39.8753288
"0","0",-104.6968204,39.8763642
"0","0",-104.6968016,39.8779204
"0","0",-104.6967909,39.879637
"0","0",-104.6967695,39.8808288
"0","0",-104.6967507,39.8825721
"0","0",-104.6967292,39.884443
"0","0",-104.6967507,39.8844615
"0","0",-104.6967802,39.8844697
"0","0",-104.6973113,39.8844697
"0","0",-104.6973005,39.8849678
"0","0",-104.6967856,39.8849719
"0","0",-104.6967373,39.884976
"0","0",-104.6967239,39.8850028
"0","0",-104.6967024,39.8867522
"0","0",-104.6966917,39.8880406
"0","0",-104.6966729,39.8894832
"0","0",-104.6966541,39.8911729
"0","0",-104.696638,39.8926237
"0","0",-104.6966166,39.8940313
"0","0",-104.6966112,39.8953854
"0","0",-104.6966219,39.895406
"0","0",-104.6966595,39.8954121
"0","0",-104.6984297,39.8954245
"0","0",-104.698419,39.8959204
"0","0",-104.6966032,39.8959081
"0","0",-104.6965898,39.8968958
"0","0",-104.6963802,39.8968995
"0","0",-104.696505216695,39.9108188079258
"0","0",-104.695398371501,39.9108188079258
"0","0",-104.6955866,39.8958998
"0","0",-104.6934033,39.8958834
"0","0",-104.6933443,39.8959081
"0","0",-104.693296,39.8959348
"0","0",-104.6932048,39.8959451
"0","0",-104.6931351,39.8959369
"0","0",-104.6930573,39.8958793
"0","0",-104.6915687,39.8958648
"0","0",-104.689464,39.895837
"0","0",-104.6887631,39.8958278
"0","0",-104.6872905,39.8958237
"0","0",-104.6872315,39.8958422
"0","0",-104.6871967,39.895869
"0","0",-104.6871806,39.8963731
"0","0",-104.6871613,39.8981283
"0","0",-104.687281506745,39.912048635919
"0","0",-104.686174661551,39.9118026703204
"0","0",-104.6864559,39.8971344
"0","0",-104.6861769,39.8971303
"0","0",-104.6859918,39.8971323
"0","0",-104.6852194,39.8971879
"0","0",-104.6851174,39.8972126
"0","0",-104.6850638,39.8972558
"0","0",-104.6850343,39.8972887
"0","0",-104.6850316,39.8973504
"0","0",-104.6843289,39.8973525
"0","0",-104.6842752,39.8972764
"0","0",-104.6842216,39.8972188
"0","0",-104.6841653,39.8971899
"0","0",-104.6840902,39.8971817
"0","0",-104.6840942,39.8970809
"0","0",-104.6840969,39.8966487
"0","0",-104.6842229,39.8966096
"0","0",-104.6842873,39.8965561
"0","0",-104.6843195,39.8964759
"0","0",-104.6843275,39.8960437
"0","0",-104.6843007,39.8959697
"0","0",-104.6842229,39.8958997
"0","0",-104.6840861,39.8958709
"0","0",-104.6841103,39.8953359
"0","0",-104.684231,39.8953091
"0","0",-104.6843061,39.8952721
"0","0",-104.6843383,39.8952268
"0","0",-104.6843785,39.8949346
"0","0",-104.6844402,39.8944572
"0","0",-104.6844509,39.8940641
"0","0",-104.6844026,39.8936978
"0","0",-104.6843731,39.8934179
"0","0",-104.6843463,39.8933171
"0","0",-104.6842873,39.8932512
"0","0",-104.6841264,39.8931895
"0","0",-104.684129,39.8926647
"0","0",-104.6842497,39.8926421
"0","0",-104.6843383,39.8925804
"0","0",-104.6843731,39.8924919
"0","0",-104.6844268,39.8921873
"0","0",-104.6844777,39.8917057
"0","0",-104.678303762395,39.8904036632378
"0","0",-104.677934813997,39.8896657664418
"0","0",-104.6844214,39.8895284
"0","0",-104.6844026,39.8894152
"0","0",-104.6843704,39.8893432
"0","0",-104.6843088,39.8892897
"0","0",-104.68418,39.8892629
"0","0",-104.6841907,39.8889851
"0","0",-104.6841854,39.8887216
"0","0",-104.6842658,39.8887093
"0","0",-104.6843544,39.888662
"0","0",-104.684408,39.8885982
"0","0",-104.6845046,39.887991
"0","0",-104.6845233,39.887458
"0","0",-104.6845528,39.8858156
"0","0",-104.6845233,39.8854802
"0","0",-104.6844831,39.8851756
"0","0",-104.6844616,39.88505
"0","0",-104.6844295,39.8849924
"0","0",-104.6843704,39.884945
"0","0",-104.6842256,39.884908
"0","0",-104.6842417,39.8843523
"0","0",-104.6843329,39.8843461
"0","0",-104.6844107,39.8843029
"0","0",-104.6844643,39.8842185
"0","0",-104.6845716,39.8835311
"0","0",-104.6845797,39.8831112
"0","0",-104.6845877,39.8827551
"0","0",-104.6845957,39.881901
"0","0",-104.6845689,39.8816478
"0","0",-104.6845394,39.8814482
"0","0",-104.6844965,39.88116
"0","0",-104.6844563,39.8810674
"0","0",-104.6843704,39.8810242
"0","0",-104.6842283,39.8810139
"0","0",-104.6838152,39.8810417
"0","0",-104.6832549,39.8810655
"0","0",-104.6828469,39.8810828
"0","0",-104.6825009,39.8810787
"0","0",-104.6825036,39.8810108
"0","0",-104.6819967,39.8810046
"0","0",-104.6805483,39.8810046
"0","0",-104.6805483,39.8809758
"0","0",-104.6796122,39.8809737
"0","0",-104.6796203,39.8810025
"0","0",-104.679513,39.8810067
"0","0",-104.6795049,39.8812063
"0","0",-104.6782282,39.8812022
"0","0",-104.6782335,39.8812557
"0","0",-104.6778366,39.8812516
"0","0",-104.6778419,39.8799178
"0","0",-104.6803632,39.8799343
"0","0",-104.6803444,39.8801525
"0","0",-104.6804008,39.8802698
"0","0",-104.6804598,39.8802739
"0","0",-104.6804625,39.8804674
"0","0",-104.6804061,39.8804695
"0","0",-104.6803364,39.8806156
"0","0",-104.6803498,39.8806671
"0","0",-104.6816909,39.8806794
"0","0",-104.6824902,39.8806897
"0","0",-104.6830079,39.8806897
"0","0",-104.6832225,39.8806691
"0","0",-104.6832633,39.8806641
"0","0",-104.6834585,39.8806403
"0","0",-104.6842819,39.8804509
"0","0",-104.6844026,39.8804201
"0","0",-104.6844563,39.8803912
"0","0",-104.6844965,39.8803398
"0","0",-104.684518,39.8802924
"0","0",-104.6845823,39.8798931
"0","0",-104.6846172,39.8795576
"0","0",-104.6846253,39.8793539
"0","0",-104.6846387,39.877946
"0","0",-104.6846548,39.8770753
"0","0",-104.6846521,39.8761655
"0","0",-104.6846601,39.8760749
"0","0",-104.6846521,39.8759699
"0","0",-104.684585,39.87541
"0","0",-104.6845582,39.8753359
"0","0",-104.684518,39.8752886
"0","0",-104.6844268,39.8752412
"0","0",-104.6843356,39.875235
"0","0",-104.6836302,39.875233
"0","0",-104.683295,39.8752271
"0","0",-104.6831608,39.8752247
"0","0",-104.6824312,39.8751609
"0","0",-104.6824285,39.8749324
"0","0",-104.6817848,39.8749427
"0","0",-104.6817767,39.8751342
"0","0",-104.6814115,39.8751312
"0","0",-104.6812725,39.8751301
"0","0",-104.6812698,39.8749366
"0","0",-104.6805993,39.8749366
"0","0",-104.68061,39.8751342
"0","0",-104.680205,39.875128
"0","0",-104.6801889,39.8749283
"0","0",-104.679521,39.8749263
"0","0",-104.6795317,39.8751157
"0","0",-104.6793151,39.8751168
"0","0",-104.6791214,39.8751177
"0","0",-104.6791133,39.8749304
"0","0",-104.6784374,39.874918
"0","0",-104.6784294,39.8751074
"0","0",-104.6780029,39.8751115
"0","0",-104.6780109,39.8749077
"0","0",-104.6773538,39.8749036
"0","0",-104.6773591,39.8750971
"0","0",-104.6771476,39.875093
"0","0",-104.677145,39.8750749
"0","0",-104.677145,39.8749944
"0","0",-104.6771443,39.8749304
"0","0",-104.6771506,39.8748796
"0","0",-104.677157,39.8748098
"0","0",-104.6771654,39.8747802
"0","0",-104.6771662,39.8747001
"0","0",-104.6777616,39.8747248
"0","0",-104.6778046,39.874416
"0","0",-104.6779333,39.8742719
"0","0",-104.678105,39.8741278
"0","0",-104.6784644,39.8739755
"0","0",-104.6788453,39.8739508
"0","0",-104.6791993,39.8739714
"0","0",-104.6794836,39.8741361
"0","0",-104.6797036,39.8743008
"0","0",-104.6797733,39.874416
"0","0",-104.6798645,39.8747248
"0","0",-104.6803527,39.8747289
"0","0",-104.6808998,39.8746878
"0","0",-104.6811949,39.8746672
"0","0",-104.6815328,39.874663
"0","0",-104.6827861,39.8746774
"0","0",-104.6831556,39.8746816
"0","0",-104.6832763,39.8746672
"0","0",-104.6833621,39.8746301
"0","0",-104.6834104,39.8745725
"0","0",-104.6834265,39.8744696
"0","0",-104.6834372,39.8737059
"0","0",-104.6834345,39.8736318
"0","0",-104.6834667,39.8734383
"0","0",-104.6835472,39.872938
"0","0",-104.6835445,39.8727672
"0","0",-104.6835364,39.8722011
"0","0",-104.6834989,39.8718614
"0","0",-104.6834506,39.8715115
"0","0",-104.6834292,39.871458
"0","0",-104.6833916,39.8714291
"0","0",-104.6833192,39.87139
"0","0",-104.6831287,39.8713756
"0","0",-104.6812405,39.8713653
"0","0",-104.6811654,39.8713623
"0","0",-104.6808837,39.8713509
"0","0",-104.6803312,39.8713036
"0","0",-104.6801005,39.8712892
"0","0",-104.6787863,39.8712727
"0","0",-104.6772735,39.8712583
"0","0",-104.6758347,39.87125
"0","0",-104.6743982,39.8712418
"0","0",-104.6738456,39.8712356
"0","0",-104.6730597,39.8712974
"0","0",-104.6728961,39.8713159
"0","0",-104.6727862,39.871355
"0","0",-104.6727432,39.8714106
"0","0",-104.6727164,39.8714744
"0","0",-104.6727296,39.8716831
"0","0",-104.6727352,39.8717709
"0","0",-104.6726815,39.871777
"0","0",-104.6726681,39.8719747
"0","0",-104.6726172,39.8721064
"0","0",-104.6725367,39.8722134
"0","0",-104.6723355,39.8723349
"0","0",-104.6722765,39.872374
"0","0",-104.6722685,39.8726149
"0","0",-104.6716864,39.8726107
"0","0",-104.6704912,39.8726123
"0","0",-104.6704934,39.8725746
"0","0",-104.6702043,39.8725922
"0","0",-104.67012,39.8725972
"0","0",-104.6701039,39.8717297
"0","0",-104.669934,39.871724
"0","0",-104.6681674,39.871742
"0","0",-104.6681781,39.8725696
"0","0",-104.6677221,39.8725696
"0","0",-104.66769,39.8743605
"0","0",-104.6673849,39.8743635
"0","0",-104.6663468,39.8743677
"0","0",-104.6654161,39.8743656
"0","0",-104.6645095,39.8743553
"0","0",-104.6645521,39.8740649
"0","0",-104.6646057,39.873752
"0","0",-104.6646138,39.8734556
"0","0",-104.6646138,39.872799
"0","0",-104.6646192,39.8721341
"0","0",-104.6645682,39.8717368
"0","0",-104.6645589,39.8716319
"0","0",-104.6645387,39.8714033
"0","0",-104.6645253,39.87136
"0","0",-104.664477,39.8713065
"0","0",-104.6644126,39.8712736
"0","0",-104.6643107,39.871253
"0","0",-104.6642175,39.87125
"0","0",-104.6640532,39.8712448
"0","0",-104.6638842,39.8712468
"0","0",-104.6638172,39.8712592
"0","0",-104.6637367,39.8713168
"0","0",-104.6637072,39.8713539
"0","0",-104.6636938,39.8714177
"0","0",-104.6635892,39.8720744
"0","0",-104.6635865,39.8721464
"0","0",-104.6635892,39.8725581
"0","0",-104.6635862,39.8728839
"0","0",-104.6635811,39.8734371
"0","0",-104.6635516,39.8750962
"0","0",-104.6628918,39.8750942
"0","0",-104.6626987,39.8751003
"0","0",-104.6626075,39.8751189
"0","0",-104.6625404,39.8751642
"0","0",-104.6625002,39.8752321
"0","0",-104.6624707,39.8754914
"0","0",-104.6623902,39.8759649
"0","0",-104.6623902,39.8762736
"0","0",-104.6623634,39.8772576
"0","0",-104.681747280776,39.8773674865093
"0","0",-104.681624297976,39.8782283661045
"0","0",-104.6624895,39.8778483
"0","0",-104.6601882,39.8778318
"0","0",-104.6559985,39.8778154
"0","0",-104.6493628,39.877766
"0","0",-104.6439554,39.8777207
"0","0",-104.641359,39.877696
"0","0",-104.6392562,39.8776754
"0","0",-104.6372016,39.8776672
"0","0",-104.6310486,39.8776384
"0","0",-104.6271755,39.8776013
"0","0",-104.6218057,39.8775725
"0","0",-104.6194078,39.8775396
"0","0",-104.600086011733,39.8774576123504
"0","0",-104.600086011733,39.876425349935
"0","0",-104.6193983,39.8769509
"0","0",-104.6193891,39.8753968
"0","0",-104.6220927,39.8754132
"0","0",-104.6261107,39.8754544
"0","0",-104.6316307,39.8754832
"0","0",-104.6362602,39.8755285
"0","0",-104.6391355,39.8755408
"0","0",-104.6413643,39.8755492
"0","0",-104.6429711,39.875582
"0","0",-104.6456854,39.875582
"0","0",-104.6517578,39.8756411
"0","0",-104.65444,39.8756452
"0","0",-104.6554002,39.8756617
"0","0",-104.6559152,39.8756287
"0","0",-104.6561942,39.8755999
"0","0",-104.6564034,39.8755958
"0","0",-104.6564946,39.8755793
"0","0",-104.6565643,39.875497
"0","0",-104.656575,39.8753611
"0","0",-104.656575,39.8745748
"0","0",-104.657943,39.8745666
"0","0",-104.6582327,39.8745748
"0","0",-104.6584419,39.8745501
"0","0",-104.6586135,39.8744472
"0","0",-104.6592197,39.8736814
"0","0",-104.660255,39.8737061
"0","0",-104.660821,39.8736999
"0","0",-104.6611724,39.8736732
"0","0",-104.6614513,39.8736547
"0","0",-104.6616042,39.873632
"0","0",-104.6617329,39.8735929
"0","0",-104.6617759,39.8735188
"0","0",-104.6617919,39.8734735
"0","0",-104.6618027,39.8733953
"0","0",-104.6618241,39.8733006
"0","0",-104.6618456,39.8731647
"0","0",-104.6618965,39.8728868
"0","0",-104.6619475,39.8692617
"0","0",-104.6619743,39.8665525
"0","0",-104.6619314,39.8657867
"0","0",-104.6618831,39.8653543
"0","0",-104.6617437,39.865272
"0","0",-104.6607137,39.865202
"0","0",-104.6577552,39.8651546
"0","0",-104.6485767,39.8650929
"0","0",-104.6452979,39.8650895
"0","0",-104.6446499,39.8650888
"0","0",-104.6433972,39.8650747
"0","0",-104.6417156,39.8650558
"0","0",-104.6416942,39.8660687
"0","0",-104.6409002,39.8660728
"0","0",-104.6409378,39.8649446
"0","0",-104.6409753,39.8612306
"0","0",-104.6409968,39.8584757
"0","0",-104.641029,39.8558732
"0","0",-104.6410968,39.8522017
"0","0",-104.641169,39.848392
"0","0",-104.641172,39.848135
"0","0",-104.641273,39.840018
"0","0",-104.6412792,39.8370778
"0","0",-104.6413382,39.8319698
"0","0",-104.641285939798,39.8167369664418
"0","0",-104.642392784992,39.8167369664418
"0","0",-104.6421161,39.8319286
"0","0",-104.6435377,39.8319368
"0","0",-104.6438863,39.8319368
"0","0",-104.6551033,39.8320316
"0","0",-104.658279,39.8320419
